# {"t_start": 1545431934.8073049, "env_id": null} 
r,l,t
0.212911,1000,2.149951
8.837828,1000,3.297002
0.88213,1000,4.375236
1.153412,1000,5.477165
1.588139,1000,6.579595
0.432877,1000,7.679596
4.135583,1000,8.748353
0.591498,1000,9.858525
0.141238,1000,10.96127
0.347659,1000,12.021257
0.397912,1000,13.136447
0.348413,1000,14.204243
0.339723,1000,15.300814
0.563363,1000,16.385761
0.142737,1000,17.47233
1.962477,1000,18.606501
0.193061,1000,19.656876
1.106966,1000,20.729999
0.710633,1000,21.858916
1.104066,1000,22.96174
0.260735,1000,24.066719
0.320071,1000,25.147963
4.425544,1000,26.234685
0.149255,1000,27.338055
1.072612,1000,28.435096
0.585675,1000,29.54092
14.017363,1000,30.645301
1.348437,1000,31.757307
0.336002,1000,32.848209
2.058023,1000,33.936046
4.950758,1000,35.040897
1.466513,1000,36.13983
0.373598,1000,37.257641
4.58376,1000,38.385514
3.212085,1000,39.497561
1.696823,1000,40.554597
8.325375,1000,41.654865
16.042804,1000,42.745233
8.58635,1000,43.879717
4.186223,1000,44.990678
1.479223,1000,46.077532
17.106771,1000,47.184015
2.286463,1000,48.283827
0.996117,1000,49.365969
0.669538,1000,50.439157
5.854954,1000,51.54328
4.179293,1000,52.680023
10.445867,1000,53.792004
7.290022,1000,54.918509
3.438073,1000,55.980286
1.239842,1000,57.041317
3.119184,1000,58.148316
6.079366,1000,59.254942
0.794694,1000,60.358104
5.131753,1000,61.472871
17.233968,1000,62.528136
3.799729,1000,63.658792
6.379098,1000,64.733692
4.926597,1000,65.860762
3.799542,1000,66.973976
10.004306,1000,68.062691
18.620173,1000,69.153646
2.845901,1000,70.275292
2.372334,1000,71.409689
0.612862,1000,72.499377
19.817219,1000,73.558715
7.065158,1000,74.663867
1.859921,1000,75.740908
1.17603,1000,76.858004
16.489315,1000,78.00905
15.131582,1000,79.115261
14.296437,1000,80.235201
5.715567,1000,81.304253
1.397738,1000,82.404135
39.341815,1000,83.509368
38.349498,1000,84.638234
3.629728,1000,85.772645
12.038215,1000,86.930128
8.794887,1000,88.047077
5.176505,1000,89.172482
11.630441,1000,90.307311
2.630584,1000,91.426792
18.954339,1000,92.548595
5.566024,1000,93.678662
26.539122,1000,94.840851
7.543583,1000,95.968621
5.410327,1000,97.073051
23.472002,1000,98.202877
16.053911,1000,99.339924
11.909285,1000,100.498998
41.640815,1000,101.622286
8.326791,1000,102.7734
0.885512,1000,103.913076
26.511099,1000,105.063927
1.230379,1000,106.205695
13.050555,1000,107.35277
8.40119,1000,108.45925
6.398376,1000,109.556957
1.515301,1000,110.688532
16.360521,1000,111.845628
6.194342,1000,112.955626
12.086817,1000,114.111142
1.507856,1000,115.286129
1.064553,1000,116.454161
30.797715,1000,117.572803
2.348428,1000,118.678056
1.579886,1000,119.81552
23.992578,1000,120.950089
22.273836,1000,122.067146
15.82528,1000,123.168656
21.353236,1000,124.30899
15.621474,1000,125.468645
7.555056,1000,126.608835
58.260232,1000,127.755944
15.195152,1000,128.925532
50.135278,1000,130.03275
40.294028,1000,131.172817
28.648373,1000,132.278899
26.313403,1000,133.397811
21.20197,1000,134.522858
4.948872,1000,135.643095
47.223635,1000,136.770324
40.019278,1000,137.880858
1.588478,1000,139.003141
39.195587,1000,140.102452
17.401654,1000,141.199385
11.631081,1000,142.337184
19.020118,1000,143.459724
28.940248,1000,144.55712
19.678597,1000,145.658002
90.961146,1000,146.777078
39.85757,1000,147.90695
14.459017,1000,149.038759
36.925717,1000,150.136485
9.772424,1000,151.26203
123.754948,1000,152.407181
98.540113,1000,153.523211
61.867782,1000,154.645199
27.83856,1000,155.754128
7.535219,1000,156.890221
38.505214,1000,158.0166
17.364883,1000,159.105657
10.238424,1000,160.203083
40.798565,1000,161.311443
32.76494,1000,162.419081
54.59469,1000,163.52756
47.616618,1000,164.652126
54.748087,1000,165.772811
52.545718,1000,166.852736
73.015966,1000,167.981959
10.656227,1000,169.026299
50.252447,1000,170.16184
74.0018,1000,171.265045
12.795601,1000,172.348505
143.851399,1000,173.468788
11.609794,1000,174.509983
12.499866,1000,175.59594
14.937453,1000,176.674515
11.553764,1000,177.779176
32.259464,1000,178.88247
12.893107,1000,179.987169
27.832875,1000,181.074376
12.820047,1000,182.15322
18.034428,1000,183.262621
11.47919,1000,184.366108
13.489752,1000,185.48853
16.650971,1000,186.618331
122.741586,1000,187.740289
105.554334,1000,188.859775
38.776845,1000,189.969039
153.553638,1000,191.075639
11.082205,1000,192.174051
25.405326,1000,193.252712
73.522353,1000,194.353689
35.689737,1000,195.477602
59.646726,1000,196.550563
14.515504,1000,197.621564
14.819751,1000,198.69095
27.911337,1000,199.8072
93.088129,1000,200.876786
79.814814,1000,201.980178
93.59109,1000,203.070672
34.420505,1000,204.150457
28.765867,1000,205.262851
144.092677,1000,206.398137
59.041211,1000,207.516684
14.140399,1000,208.614575
53.557825,1000,209.739346
167.649837,1000,210.831729
35.135128,1000,211.959106
27.986409,1000,213.045904
21.575352,1000,214.16367
45.496837,1000,215.220847
186.848291,1000,216.297063
102.2438,1000,217.420502
18.315715,1000,218.525785
199.95421,1000,219.646664
21.101881,1000,220.733748
123.050229,1000,221.862908
156.641192,1000,222.982767
22.450185,1000,224.105802
107.283062,1000,225.199053
153.422455,1000,226.287705
31.743877,1000,227.384537
117.67147,1000,228.466013
22.470558,1000,229.586456
141.659756,1000,230.704193
160.136223,1000,231.824071
73.090114,1000,232.958134
20.450265,1000,234.055808
11.502469,1000,235.173437
183.224003,1000,236.302101
82.582704,1000,237.405034
154.641114,1000,238.536182
17.669701,1000,239.663274
25.40004,1000,240.72875
16.954003,1000,241.835294
145.213297,1000,242.941486
108.10715,1000,244.044767
110.908134,1000,245.176804
33.197622,1000,246.273873
12.433383,1000,247.395696
123.477802,1000,248.534394
81.854874,1000,249.61235
90.201798,1000,250.735335
54.30353,1000,251.869974
124.117907,1000,253.005824
20.022524,1000,254.10174
93.037177,1000,255.255892
132.764147,1000,256.37821
9.659588,1000,257.43874
17.679585,1000,258.478825
22.589903,1000,259.587515
69.524295,1000,260.705013
15.174022,1000,261.805922
124.377895,1000,262.911878
140.42166,1000,264.033947
12.604245,1000,265.101156
122.676847,1000,266.237266
10.377066,1000,267.331714
44.818508,1000,268.467594
85.263704,1000,269.589125
12.436589,1000,270.709046
149.435658,1000,271.865556
125.12805,1000,273.026269
79.815422,1000,274.14371
165.177947,1000,275.227045
111.881882,1000,276.368664
110.964071,1000,277.489967
51.37488,1000,278.598803
14.838036,1000,279.696879
29.346983,1000,280.774077
103.609231,1000,281.89489
10.302095,1000,283.039332
10.730816,1000,284.189913
9.748439,1000,285.317961
18.024031,1000,286.440967
49.077365,1000,287.528669
15.939737,1000,288.655201
83.734947,1000,289.729848
69.354011,1000,290.870594
46.271025,1000,291.966376
15.769559,1000,293.034024
61.305718,1000,294.08023
135.123823,1000,295.159106
61.385498,1000,296.269175
45.428273,1000,297.367012
18.864037,1000,298.434666
74.425306,1000,299.563169
81.642612,1000,300.683385
17.645176,1000,301.772414
50.940395,1000,302.84246
15.585209,1000,303.897486
8.981666,1000,304.981769
72.812584,1000,306.107831
14.00138,1000,307.235054
71.65638,1000,308.355177
9.624745,1000,309.456056
13.885093,1000,310.527176
187.112739,1000,311.637046
26.861277,1000,312.739934
45.03082,1000,313.824642
135.274847,1000,314.942375
16.089479,1000,316.060832
146.043118,1000,317.213476
21.344232,1000,318.300946
12.964166,1000,319.396771
56.78379,1000,320.467767
12.476037,1000,321.554837
167.351838,1000,322.683441
73.291828,1000,323.79007
132.825323,1000,324.894957
27.443962,1000,325.977422
134.642647,1000,327.091985
202.059959,1000,328.247004
16.936812,1000,329.339037
121.48735,1000,330.440641
85.518742,1000,331.55203
173.214694,1000,332.673234
37.124695,1000,333.80453
107.238252,1000,334.883755
112.928838,1000,335.969053
12.431907,1000,337.02802
29.720843,1000,338.125007
91.234696,1000,339.21879
121.674678,1000,340.307735
17.608711,1000,341.395077
16.593133,1000,342.488215
23.141243,1000,343.600402
206.088868,1000,344.700945
150.494947,1000,345.789019
83.939978,1000,346.852854
70.822049,1000,347.929801
66.30655,1000,349.03674
147.715469,1000,350.139995
68.085695,1000,351.245902
254.957941,1000,352.340077
63.421958,1000,353.4619
56.092829,1000,354.54739
92.428321,1000,355.64316
44.053349,1000,356.736318
90.23771,1000,357.800197
87.950825,1000,358.876341
164.896759,1000,360.011003
181.352449,1000,361.132238
176.101616,1000,362.256257
54.970331,1000,363.349317
49.668569,1000,364.668214
196.768777,1000,365.970376
56.207404,1000,367.305465
61.070841,1000,368.596251
54.062559,1000,369.942326
48.447995,1000,371.362425
87.211715,1000,372.812619
25.857328,1000,374.183427
58.720152,1000,375.382996
140.063591,1000,376.514982
55.016317,1000,377.616338
43.049959,1000,378.697303
98.157998,1000,379.774692
29.488338,1000,380.891945
75.475921,1000,382.006214
115.263666,1000,383.100313
95.759156,1000,384.182738
56.200575,1000,385.272576
32.277058,1000,386.368412
46.181502,1000,387.45856
16.693187,1000,388.557743
87.112866,1000,389.647007
34.819815,1000,390.71267
51.839019,1000,391.828068
91.605961,1000,392.929263
87.834604,1000,394.009325
16.215301,1000,395.113297
43.528477,1000,396.210779
37.722773,1000,397.335287
16.940815,1000,398.37536
42.893429,1000,399.466643
102.277984,1000,400.586714
52.312577,1000,401.674622
85.923576,1000,402.723458
133.838523,1000,403.799481
159.359892,1000,404.893525
27.172542,1000,405.999274
46.408501,1000,407.085042
147.533946,1000,408.172427
113.468837,1000,409.233488
145.1172,1000,410.29473
147.877791,1000,411.395058
144.314583,1000,412.527621
83.048006,1000,413.622224
16.455921,1000,414.720494
117.413569,1000,415.809505
162.69603,1000,416.902037
84.016915,1000,418.010739
11.056665,1000,419.096694
110.232412,1000,420.178417
18.03717,1000,421.259602
178.01305,1000,422.356082
30.37237,1000,423.492791
122.595729,1000,424.589903
114.914555,1000,425.723724
57.322724,1000,426.820071
85.157089,1000,427.889647
39.944346,1000,429.009276
64.430595,1000,430.128172
87.38538,1000,431.226126
104.365217,1000,432.361022
64.876716,1000,433.486851
198.471875,1000,434.633215
55.863577,1000,435.763784
173.437399,1000,436.859974
83.904344,1000,437.958898
113.92509,1000,439.093988
180.686446,1000,440.173369
173.580122,1000,441.312067
87.393439,1000,442.439907
190.872358,1000,443.549178
145.785572,1000,444.663665
107.186806,1000,445.758692
92.784186,1000,446.868213
49.461271,1000,447.97246
192.89681,1000,449.056626
14.898055,1000,450.108819
23.845097,1000,451.206473
175.008286,1000,452.321379
198.727995,1000,453.460202
122.238486,1000,454.562566
49.21931,1000,455.670171
57.513614,1000,456.748876
51.710834,1000,457.893709
139.156736,1000,459.016457
34.268295,1000,460.164813
54.937764,1000,461.273682
103.079739,1000,462.380831
30.053867,1000,463.509373
32.075809,1000,464.63028
143.197719,1000,465.75741
60.827154,1000,466.879554
49.850043,1000,467.995794
16.678999,1000,469.036095
29.280651,1000,470.116725
11.453785,1000,471.193814
11.544187,1000,472.259996
34.293504,1000,473.346294
64.668306,1000,474.424932
9.529093,1000,475.496088
73.046993,1000,476.585919
18.536233,1000,477.670086
31.238031,1000,478.765651
212.172116,1000,479.880595
160.228149,1000,481.005136
28.791749,1000,482.138335
77.819639,1000,483.259129
104.344426,1000,484.35351
41.889279,1000,485.505292
17.452411,1000,486.643026
38.56777,1000,487.719999
18.390689,1000,488.803072
254.207975,1000,489.897696
17.68201,1000,491.032719
260.847467,1000,492.146545
48.742943,1000,493.257896
18.156261,1000,494.378737
29.203471,1000,495.491937
42.487228,1000,496.606056
55.921998,1000,497.706974
24.235268,1000,498.778901
92.138769,1000,499.88296
25.226768,1000,500.997674
49.83811,1000,502.108853
16.842835,1000,503.163131
115.760922,1000,504.275266
20.013536,1000,505.389219
70.455389,1000,506.494448
41.351996,1000,507.566092
184.296049,1000,508.662615
70.954832,1000,509.780615
100.844243,1000,510.862785
79.067395,1000,511.926162
70.325477,1000,513.013289
230.881807,1000,514.14984
84.982849,1000,515.255098
135.346023,1000,516.318197
325.542702,1000,517.43397
34.314879,1000,518.563659
35.585549,1000,519.682391
85.681302,1000,520.813884
75.185788,1000,521.905575
103.337828,1000,523.032976
204.472444,1000,524.190465
186.777777,1000,525.332449
184.287015,1000,526.638833
91.801488,1000,527.778394
237.126806,1000,528.873151
163.104085,1000,529.994185
132.322183,1000,531.07256
189.485829,1000,532.175662
157.054112,1000,533.278418
301.120688,1000,534.3932
135.652166,1000,535.499454
96.362632,1000,536.611336
13.112627,1000,537.700862
30.116747,1000,538.823176
172.069751,1000,539.9648
124.863238,1000,541.068058
199.205281,1000,542.193875
153.095214,1000,543.47788
287.630084,1000,544.599775
263.536454,1000,545.722237
77.626463,1000,546.824666
38.140783,1000,547.928811
133.382449,1000,549.022755
312.519448,1000,550.160009
225.56119,1000,551.298892
82.263696,1000,552.416488
67.485251,1000,553.499163
357.219348,1000,554.639875
130.268654,1000,555.713745
41.641415,1000,556.795199
184.756065,1000,557.910979
75.521709,1000,558.965602
152.901752,1000,560.058149
119.524322,1000,561.161392
157.036063,1000,562.246263
84.722539,1000,563.361622
166.087337,1000,564.445774
178.122871,1000,565.546606
239.365323,1000,566.646436
274.728756,1000,567.736923
244.381826,1000,568.833993
166.349093,1000,569.917537
169.365846,1000,570.975504
145.261952,1000,572.090685
201.958485,1000,573.176473
61.391478,1000,574.27742
70.664812,1000,575.354658
182.478278,1000,576.446916
236.59282,1000,577.529481
65.020334,1000,578.635373
261.525126,1000,579.714833
307.993129,1000,580.811244
327.784262,1000,581.932477
340.63019,1000,583.052025
88.911836,1000,584.157219
374.579847,1000,585.237423
119.115066,1000,586.258373
334.956786,1000,587.323359
304.426804,1000,588.42833
382.998011,1000,589.562582
169.265448,1000,590.677943
20.372327,1000,591.785554
15.220436,1000,592.902797
73.777862,1000,594.038983
25.256921,1000,595.170849
174.770949,1000,596.235029
277.199802,1000,597.316862
235.68145,1000,598.426084
59.585281,1000,599.547981
131.858939,1000,600.610902
22.056524,1000,601.694344
20.439078,1000,602.760741
12.59385,1000,603.836646
18.484412,1000,604.905632
145.608761,1000,606.033841
17.047257,1000,607.13277
27.757728,1000,608.214384
35.476985,1000,609.317109
118.446645,1000,610.416029
165.620023,1000,611.497652
195.300815,1000,612.586092
33.95508,1000,613.647126
42.001852,1000,614.709244
224.860329,1000,615.809211
226.946057,1000,616.931911
208.674688,1000,618.022892
209.540257,1000,619.121881
238.67501,1000,620.218714
255.544438,1000,621.296496
39.446289,1000,622.366559
287.520499,1000,623.429581
268.200757,1000,624.527694
251.533427,1000,625.590506
232.293006,1000,626.695329
222.279088,1000,627.812276
163.643911,1000,628.896031
212.84362,1000,629.985051
246.35955,1000,631.080347
69.370145,1000,632.158639
69.085938,1000,633.282375
22.70367,1000,634.358473
37.296665,1000,635.464204
378.903934,1000,636.557446
319.548667,1000,637.657504
273.532,1000,638.724235
22.063648,1000,639.807179
287.672599,1000,640.934962
377.016617,1000,642.049131
374.360466,1000,643.158714
16.999923,1000,644.214396
19.564197,1000,645.295854
276.754908,1000,646.376607
24.081543,1000,647.439021
307.496163,1000,648.544167
190.875502,1000,649.662076
355.815463,1000,650.766667
221.748324,1000,651.849063
377.059182,1000,652.93803
23.729764,1000,654.025671
152.608697,1000,655.11393
40.709907,1000,656.258913
37.088726,1000,657.328633
25.811537,1000,658.409851
40.005925,1000,659.497387
194.977942,1000,660.599281
270.120272,1000,661.688778
37.398141,1000,662.755884
24.623421,1000,663.855255
155.120464,1000,664.947746
290.39737,1000,666.024322
44.824203,1000,667.084048
15.962704,1000,668.15212
23.312291,1000,669.241198
149.982233,1000,670.349053
75.959366,1000,671.472238
36.298708,1000,672.550161
446.087964,1000,673.666414
364.700439,1000,674.796358
21.063344,1000,675.894067
420.751297,1000,676.98803
332.199915,1000,678.084968
110.568586,1000,679.171115
380.227555,1000,680.279616
131.780409,1000,681.378521
358.44606,1000,682.435485
156.758148,1000,683.49586
300.776958,1000,684.592991
272.579725,1000,685.66778
323.960455,1000,686.745463
315.567168,1000,687.844127
326.057327,1000,688.954636
365.717784,1000,690.072893
315.284311,1000,691.170959
360.333098,1000,692.273513
435.540306,1000,693.389776
364.526698,1000,694.496648
17.928085,1000,695.59685
19.939069,1000,696.67117
30.694158,1000,697.736422
64.674881,1000,698.834254
39.9568,1000,699.866698
129.260993,1000,700.950171
73.505874,1000,702.04056
22.743669,1000,703.16733
11.512202,1000,704.249611
204.995545,1000,705.360698
271.573593,1000,706.468848
11.973121,1000,707.606911
60.134285,1000,708.65159
19.147508,1000,709.729466
55.832262,1000,710.796968
16.292523,1000,711.887245
195.100909,1000,712.986108
26.93324,1000,714.063024
15.726942,1000,715.162407
13.710163,1000,716.286332
25.586341,1000,717.382262
12.355538,1000,718.479996
17.281081,1000,719.568982
14.533185,1000,720.639452
12.717379,1000,721.706727
10.386764,1000,722.795355
72.95841,1000,723.870705
13.782762,1000,724.973636
42.797432,1000,726.057272
62.149399,1000,727.168449
53.664534,1000,728.247092
65.92855,1000,729.328127
72.440901,1000,730.409185
61.648152,1000,731.523448
13.479331,1000,732.625778
39.065128,1000,733.738756
14.286895,1000,734.834966
16.99361,1000,735.926339
79.50604,1000,737.008395
165.691738,1000,738.102388
57.61143,1000,739.165924
53.403235,1000,740.302375
45.724936,1000,741.399977
54.874416,1000,742.518462
56.882243,1000,743.655812
175.405574,1000,744.78366
39.039754,1000,745.87857
98.974872,1000,746.961381
135.05013,1000,748.040569
49.435895,1000,749.139239
73.446518,1000,750.238747
42.108555,1000,751.356352
80.294757,1000,752.453631
106.222214,1000,753.540742
72.985752,1000,754.639285
117.451223,1000,755.74517
51.395634,1000,756.840767
17.515596,1000,757.930508
55.809286,1000,759.032304
98.520959,1000,760.135963
55.506056,1000,761.189063
54.857867,1000,762.266762
18.63409,1000,763.364033
114.321996,1000,764.465766
70.700717,1000,765.545068
19.26766,1000,766.604482
79.207367,1000,767.683296
109.878625,1000,768.782704
84.871503,1000,769.902355
137.162866,1000,770.997265
56.514497,1000,772.095617
14.473777,1000,773.152559
19.767861,1000,774.245641
23.648313,1000,775.306832
16.451402,1000,776.412478
54.010482,1000,777.536186
17.689431,1000,778.638336
13.736277,1000,779.769356
12.304543,1000,780.891782
17.568526,1000,781.978531
13.621314,1000,783.107502
29.714724,1000,784.189871
20.152101,1000,785.316863
16.543327,1000,786.412058
13.306666,1000,787.511068
15.945659,1000,788.589848
16.066276,1000,789.645046
13.992972,1000,790.7568
22.163891,1000,791.833904
16.251031,1000,792.909222
16.903415,1000,794.006284
37.710692,1000,795.095868
122.975427,1000,796.221745
89.115015,1000,797.328209
153.784587,1000,798.449119
31.012915,1000,799.53832
184.056601,1000,800.670628
26.089351,1000,801.759561
120.854789,1000,802.896553
372.474453,1000,804.017446
481.059314,1000,805.171617
517.955466,1000,806.357337
19.338815,1000,807.438359
390.17023,1000,808.597108
258.448308,1000,809.746246
112.852379,1000,810.910948
81.785683,1000,812.035986
55.409933,1000,813.116329
92.963188,1000,814.231761
93.115423,1000,815.32711
82.503034,1000,816.432357
193.575863,1000,817.554478
276.032103,1000,818.732409
104.020906,1000,819.850592
257.084586,1000,821.022763
414.562373,1000,822.200088
60.20492,1000,823.307394
111.488489,1000,824.415956
259.921356,1000,825.607008
105.829403,1000,826.715869
239.023007,1000,827.899088
205.423359,1000,829.040586
67.048166,1000,830.17927
347.618634,1000,831.373264
139.016017,1000,832.460909
276.987829,1000,833.641346
179.247975,1000,834.750417
263.890145,1000,835.893593
188.363778,1000,837.01716
71.858932,1000,838.147696
276.825284,1000,839.243032
180.602797,1000,840.381418
108.425096,1000,841.497994
259.4702,1000,842.583284
76.429189,1000,843.682619
186.865877,1000,844.847067
166.524034,1000,846.270965
58.153631,1000,847.566984
162.314957,1000,848.953534
436.254925,1000,850.395187
157.098936,1000,851.739126
271.311647,1000,853.152861
215.400386,1000,854.565151
53.105807,1000,855.936368
163.622491,1000,857.1293
328.181616,1000,858.317875
523.612067,1000,859.476241
224.921446,1000,860.597254
624.02139,1000,861.789943
175.52989,1000,862.939939
206.323148,1000,864.085471
459.121587,1000,865.271991
596.638797,1000,866.462231
195.527571,1000,867.570451
495.856538,1000,868.788307
731.457792,1000,869.999654
544.004465,1000,871.167492
344.323884,1000,872.377599
208.405578,1000,873.549026
124.897015,1000,874.702319
165.871972,1000,875.77932
340.068831,1000,876.976016
641.610497,1000,878.156514
95.394971,1000,879.258264
604.447109,1000,880.450462
450.360323,1000,881.641744
561.500095,1000,882.774131
406.441352,1000,883.92476
409.076135,1000,885.108664
539.502698,1000,886.300766
625.738661,1000,887.482205
484.168094,1000,888.591511
567.453226,1000,889.716697
75.905817,1000,890.809684
189.073625,1000,891.932157
258.84211,1000,893.045882
530.08411,1000,894.162137
622.200197,1000,895.372939
480.32029,1000,896.547257
567.219436,1000,897.670843
538.94242,1000,898.81899
205.516995,1000,899.923693
392.23233,1000,901.134269
549.625092,1000,902.255066
116.991918,1000,903.393097
518.848725,1000,904.524303
611.846221,1000,905.705316
151.090955,1000,906.815951
310.012784,1000,907.925699
122.729089,1000,909.013797
669.536239,1000,910.214305
470.171577,1000,911.366865
270.066788,1000,912.500617
100.837997,1000,913.588817
533.378723,1000,914.712004
82.504795,1000,915.842926
546.8132,1000,916.952697
130.578414,1000,918.023177
783.477954,1000,919.276183
488.950177,1000,920.389092
468.49901,1000,921.518556
590.804324,1000,922.643029
826.480331,1000,923.877861
533.910836,1000,925.067635
534.065851,1000,926.294223
37.029588,1000,927.385259
819.557331,1000,928.637089
172.62742,1000,929.733683
333.720457,1000,930.837515
115.09556,1000,931.944445
107.962842,1000,933.014098
905.084704,1000,934.276979
529.863635,1000,935.466948
265.72354,1000,936.598655
52.558697,1000,937.694691
256.120556,1000,938.877912
503.033301,1000,940.013692
948.098195,1000,941.306149
634.69513,1000,942.482618
243.162649,1000,943.613555
556.355914,1000,944.734803
402.268205,1000,945.892758
215.866732,1000,947.023248
755.450028,1000,948.2763
138.445917,1000,949.389961
76.10904,1000,950.459138
237.346867,1000,951.644865
598.438428,1000,952.820268
530.692368,1000,953.98871
210.192087,1000,955.080549
70.080252,1000,956.157798
85.66024,1000,957.274716
190.479311,1000,958.421851
624.839749,1000,959.63379
350.603857,1000,960.792068
449.642357,1000,961.943573
102.497674,1000,963.062458
233.780374,1000,964.223623
578.400369,1000,965.438526
242.569905,1000,966.552357
487.325931,1000,967.690677
550.619086,1000,968.801893
442.718366,1000,969.906323
587.872841,1000,971.050914
195.568265,1000,972.199029
574.063415,1000,973.384888
550.273791,1000,974.547084
132.356635,1000,975.673714
492.154611,1000,976.774081
521.634572,1000,977.892114
613.272551,1000,979.034569
587.1785,1000,980.195026
806.781569,1000,981.412885
604.38805,1000,982.612456
482.329319,1000,983.707471
566.918817,1000,984.821609
352.853854,1000,985.957791
337.008917,1000,987.093761
531.572069,1000,988.216099
524.655736,1000,989.42486
391.693256,1000,990.609797
465.707787,1000,991.725143
471.959565,1000,992.875202
474.618226,1000,993.977904
717.818626,1000,995.163212
540.285111,1000,996.275586
623.011847,1000,997.421436
729.568769,1000,998.640272
486.288694,1000,999.840989
528.630323,1000,1000.985571
640.369322,1000,1002.17804
552.9612,1000,1003.356145
229.020287,1000,1004.50842
395.977851,1000,1005.713271
332.080404,1000,1006.91409
526.516376,1000,1008.075249
617.580356,1000,1009.320693
478.316777,1000,1010.451472
510.414007,1000,1011.588501
132.047048,1000,1012.728628
323.218544,1000,1013.886666
518.317849,1000,1015.034792
641.120793,1000,1016.231099
547.213527,1000,1017.40773
446.753626,1000,1018.575733
101.127803,1000,1019.694158
216.409201,1000,1020.800822
192.404063,1000,1021.94258
212.920752,1000,1023.048564
474.379214,1000,1024.216807
669.910575,1000,1025.393719
691.019192,1000,1026.575633
443.523797,1000,1027.709689
530.816291,1000,1028.815163
449.401077,1000,1029.970147
171.830085,1000,1031.112563
547.719719,1000,1032.198165
350.182416,1000,1033.325682
999.400079,1000,1034.641553
728.956583,1000,1035.926234
543.56019,1000,1037.118024
485.173299,1000,1038.252095
493.313976,1000,1039.36378
519.947411,1000,1040.478257
502.167368,1000,1041.623397
209.494399,1000,1042.76124
92.650572,1000,1043.8634
158.163001,1000,1045.008454
543.545967,1000,1046.156091
70.427275,1000,1047.23517
252.766801,1000,1048.322416
446.032181,1000,1049.414703
477.908747,1000,1050.544788
515.146602,1000,1051.668328
552.404287,1000,1052.810923
420.257014,1000,1053.913001
472.364596,1000,1055.044973
391.804305,1000,1056.180813
525.315977,1000,1057.292944
30.101519,1000,1058.375063
557.848313,1000,1059.517437
675.188228,1000,1060.6735
521.250324,1000,1061.789629
555.733765,1000,1062.929685
616.185536,1000,1064.067469
627.968552,1000,1065.280802
736.252101,1000,1066.447271
790.983473,1000,1067.644754
483.791293,1000,1068.769572
566.049631,1000,1069.869277
639.711323,1000,1070.978765
1005.919586,1000,1072.220711
589.836654,1000,1073.372937
541.304976,1000,1074.543471
680.913227,1000,1075.741876
508.517788,1000,1076.851875
624.243997,1000,1078.024817
530.836915,1000,1079.171869
520.046965,1000,1080.300689
524.783205,1000,1081.433413
799.291765,1000,1082.707804
526.471722,1000,1083.858055
510.431093,1000,1084.994963
297.277802,1000,1086.168577
771.784281,1000,1087.565262
471.29565,1000,1088.681444
557.737642,1000,1089.869887
919.860576,1000,1091.112309
1002.14096,1000,1092.351439
617.22854,1000,1093.559309
660.327399,1000,1094.728664
854.162232,1000,1095.944966
624.152998,1000,1097.10315
360.526352,1000,1098.230524
653.864356,1000,1099.428364
749.918879,1000,1100.635964
797.216221,1000,1101.791567
768.514182,1000,1102.973348
554.222241,1000,1104.174338
468.788149,1000,1105.319729
158.618254,1000,1106.481916
607.194546,1000,1107.690467
519.433881,1000,1108.820173
540.194096,1000,1109.929546
349.332216,1000,1111.072107
834.463018,1000,1112.303601
816.518891,1000,1113.528101
564.83269,1000,1114.692838
551.783237,1000,1115.828699
669.379177,1000,1117.011354
503.59778,1000,1118.123167
613.24978,1000,1119.321938
642.065207,1000,1120.487496
617.286249,1000,1121.59945
518.618802,1000,1122.69477
621.224047,1000,1123.887872
699.254127,1000,1125.087685
230.65981,1000,1126.202053
501.13973,1000,1127.365497
509.023014,1000,1128.547259
503.630557,1000,1129.747889
450.742326,1000,1130.903761
146.470403,1000,1132.022728
628.439539,1000,1133.189277
562.487739,1000,1134.327517
724.262352,1000,1135.536873
547.630501,1000,1136.701496
737.126981,1000,1137.909993
539.812166,1000,1139.062736
553.032186,1000,1140.220643
671.491219,1000,1141.387878
589.707747,1000,1142.484496
605.306694,1000,1143.674837
689.254885,1000,1144.936198
640.683126,1000,1146.098988
345.1528,1000,1147.274074
425.579044,1000,1148.433523
571.450598,1000,1149.58305
938.075399,1000,1150.880356
583.501241,1000,1152.031607
233.455679,1000,1153.141237
538.630859,1000,1154.241725
111.841289,1000,1155.396252
457.357438,1000,1156.533899
272.92106,1000,1157.686875
530.10731,1000,1158.816866
502.453863,1000,1159.966823
786.303299,1000,1161.171868
808.709907,1000,1162.388617
654.817633,1000,1163.569485
856.878433,1000,1164.784325
342.887583,1000,1165.907205
169.340068,1000,1167.015466
992.151175,1000,1168.229842
358.823087,1000,1169.338923
517.637847,1000,1170.476848
572.213311,1000,1171.590698
419.797423,1000,1172.741867
648.031172,1000,1173.960727
920.67033,1000,1175.199805
372.883592,1000,1176.305568
645.801596,1000,1177.491952
488.413761,1000,1178.63223
566.766127,1000,1179.794761
583.072639,1000,1180.956836
642.67813,1000,1182.137513
762.943544,1000,1183.350436
952.809001,1000,1184.614829
748.462339,1000,1185.815931
563.780906,1000,1186.931056
1035.335809,1000,1188.181007
1211.539448,1000,1189.46722
1169.233018,1000,1190.744958
338.960111,1000,1191.895012
497.153579,1000,1193.117951
461.482808,1000,1194.278147
794.972258,1000,1195.526982
549.981378,1000,1196.69873
575.143737,1000,1197.871331
740.327732,1000,1199.079251
693.967593,1000,1200.320473
582.536013,1000,1201.490571
547.458986,1000,1202.644451
507.001311,1000,1203.767195
538.843948,1000,1204.960244
1295.766105,1000,1206.266031
574.503411,1000,1207.438653
254.317814,1000,1208.60655
629.040935,1000,1209.787306
546.20035,1000,1210.94535
568.801894,1000,1212.04792
528.178833,1000,1213.178781
564.315537,1000,1214.294298
851.809169,1000,1215.482984
490.980606,1000,1216.602716
563.755671,1000,1217.743574
1037.111782,1000,1219.001869
538.490776,1000,1220.161415
234.305538,1000,1221.283728
611.839701,1000,1222.534674
658.744118,1000,1223.743834
173.984898,1000,1224.867684
874.974654,1000,1226.113378
778.046645,1000,1227.361845
543.858738,1000,1228.548016
1181.010897,1000,1229.772174
591.210934,1000,1230.945543
825.818658,1000,1232.191331
569.867421,1000,1233.37963
438.421227,1000,1234.511446
617.413784,1000,1235.653066
523.491372,1000,1236.847717
599.275164,1000,1238.046462
611.618284,1000,1239.186863
265.036187,1000,1240.321483
583.119873,1000,1241.449871
615.342535,1000,1242.624403
503.878254,1000,1243.783119
456.81738,1000,1244.932554
526.095661,1000,1246.131552
597.779285,1000,1247.299522
1050.778889,1000,1248.619036
939.792593,1000,1249.864937
802.738212,1000,1251.064984
809.476476,1000,1252.337506
844.581321,1000,1253.539737
819.278281,1000,1254.78342
634.73284,1000,1256.005543
565.108635,1000,1257.154204
783.844788,1000,1258.383224
159.120048,1000,1259.525581
765.419543,1000,1260.792985
533.630047,1000,1261.880988
506.864692,1000,1263.02535
214.189678,1000,1264.166665
820.436952,1000,1265.406986
513.018463,1000,1266.51117
705.355011,1000,1267.701992
544.419277,1000,1268.809826
301.773612,1000,1269.948092
521.653854,1000,1271.071595
137.449536,1000,1272.168949
457.572449,1000,1273.351384
577.750084,1000,1274.468879
479.117082,1000,1275.625428
595.589297,1000,1276.798807
690.157648,1000,1278.011581
578.095665,1000,1279.142084
545.802867,1000,1280.24319
531.37157,1000,1281.36672
571.962587,1000,1282.494669
548.637417,1000,1283.625617
138.096423,1000,1284.692002
577.740395,1000,1285.786572
696.106002,1000,1286.973087
565.20038,1000,1288.076223
558.198616,1000,1289.176506
584.182226,1000,1290.286597
589.650463,1000,1291.380159
539.770843,1000,1292.465006
530.147658,1000,1293.55495
583.349528,1000,1294.707485
558.175926,1000,1295.818246
578.60741,1000,1296.931609
545.91984,1000,1298.066345
828.326117,1000,1299.313878
589.977262,1000,1300.445211
387.295611,1000,1301.648442
436.855331,1000,1302.815395
370.980226,1000,1303.95026
518.074152,1000,1305.127482
587.366063,1000,1306.252357
630.608858,1000,1307.366816
629.205134,1000,1308.504128
579.255798,1000,1309.659816
620.660101,1000,1310.82483
333.327253,1000,1311.937626
589.389391,1000,1313.094612
527.759035,1000,1314.245951
563.046924,1000,1315.410779
409.568627,1000,1316.554349
32.79084,1000,1317.659974
547.479947,1000,1318.805737
429.75015,1000,1319.953127
529.147855,1000,1321.085157
501.421653,1000,1322.227832
358.74996,1000,1323.348486
488.825708,1000,1324.532181
400.601489,1000,1325.671233
139.070278,1000,1326.804464
359.314416,1000,1327.929146
444.197333,1000,1329.019651
82.988643,1000,1330.086403
332.129484,1000,1331.224115
653.566631,1000,1332.378489
755.848567,1000,1333.598149
795.761978,1000,1334.790452
487.213189,1000,1335.96856
208.27072,1000,1337.091004
619.467185,1000,1338.274338
434.915149,1000,1339.412312
297.083596,1000,1340.530627
336.431901,1000,1341.642325
773.722463,1000,1342.777684
472.908335,1000,1343.881726
528.39536,1000,1345.004427
585.754448,1000,1346.126985
1127.106575,1000,1347.387574
574.542345,1000,1348.512432
560.392802,1000,1349.634905
561.45046,1000,1350.739143
512.796482,1000,1351.85282
464.940028,1000,1352.959926
544.804874,1000,1354.11318
597.228788,1000,1355.224511
546.032258,1000,1356.357594
562.094807,1000,1357.470641
549.577302,1000,1358.598938
567.795882,1000,1359.761055
901.966716,1000,1360.963298
416.886067,1000,1362.101262
578.709148,1000,1363.266887
242.611807,1000,1364.406346
565.830671,1000,1365.515731
185.376347,1000,1366.648637
681.569361,1000,1367.792547
574.680038,1000,1368.935566
500.281089,1000,1370.050338
577.957384,1000,1371.164469
608.12629,1000,1372.329734
524.581777,1000,1373.477211
78.229153,1000,1374.594347
561.633112,1000,1375.696169
524.747059,1000,1376.814139
350.492616,1000,1377.948467
658.681667,1000,1379.071507
581.635856,1000,1380.207463
384.405538,1000,1381.325987
548.185526,1000,1382.467315
609.755648,1000,1383.604989
552.723602,1000,1384.717504
115.711473,1000,1385.805375
135.943694,1000,1386.900016
159.580108,1000,1388.066588
475.111444,1000,1389.425158
222.951014,1000,1390.732463
141.305217,1000,1392.09032
522.040704,1000,1393.449492
446.135868,1000,1394.827385
43.508136,1000,1396.159959
467.540152,1000,1397.623227
330.289405,1000,1398.94296
296.819064,1000,1400.170379
498.275224,1000,1401.331778
479.047317,1000,1402.459439
483.096334,1000,1403.593413
502.574148,1000,1404.712825
367.266535,1000,1405.867496
354.468493,1000,1407.032122
429.911289,1000,1408.176109
843.743865,1000,1409.413318
1074.901706,1000,1410.691464
514.7554,1000,1411.848786
226.871275,1000,1412.977997
502.762594,1000,1414.109614
342.778818,1000,1415.254572
828.939427,1000,1416.476587
220.02966,1000,1417.5962
509.059336,1000,1418.685012
294.914998,1000,1419.792091
140.739109,1000,1420.91046
532.984683,1000,1422.0453
561.030019,1000,1423.213539
580.500862,1000,1424.339251
500.228704,1000,1425.460016
496.717169,1000,1426.563744
538.800148,1000,1427.719746
502.008278,1000,1428.85022
509.538484,1000,1429.979628
140.873906,1000,1431.120742
409.244982,1000,1432.24291
37.20009,1000,1433.357151
216.080319,1000,1434.501326
88.981058,1000,1435.596917
449.058261,1000,1436.757375
454.614612,1000,1437.891704
442.005959,1000,1438.997107
424.744939,1000,1440.140767
449.967973,1000,1441.288124
438.496355,1000,1442.414331
437.13173,1000,1443.567433
175.970941,1000,1444.666407
421.148088,1000,1445.803389
420.622731,1000,1446.944427
626.625847,1000,1448.150981
196.918446,1000,1449.261032
379.723307,1000,1450.383484
421.554042,1000,1451.528334
415.195826,1000,1452.673724
422.660081,1000,1453.778898
411.326868,1000,1454.920959
426.622907,1000,1456.087262
445.620083,1000,1457.2597
353.504399,1000,1458.410533
745.186944,1000,1459.625161
422.151676,1000,1460.804604
369.708153,1000,1461.900239
134.629778,1000,1462.984007
424.629197,1000,1464.115229
337.997364,1000,1465.253878
424.633558,1000,1466.379733
451.998631,1000,1467.544769
426.272597,1000,1468.676043
415.275092,1000,1469.815634
433.525215,1000,1470.949324
449.011521,1000,1472.102113
384.863005,1000,1473.227712
336.330562,1000,1474.389767
129.086393,1000,1475.49825
244.570341,1000,1476.601928
436.904503,1000,1477.733687
426.232031,1000,1478.850354
259.624475,1000,1479.961012
166.107468,1000,1481.050953
441.82976,1000,1482.215522
184.187934,1000,1483.312799
101.256332,1000,1484.452311
397.122678,1000,1485.555628
207.565376,1000,1486.647809
177.288292,1000,1487.744707
161.428095,1000,1488.861352
431.025868,1000,1490.018755
445.977442,1000,1491.193449
407.126297,1000,1492.375068
417.863107,1000,1493.490877
438.913134,1000,1494.63514
127.162255,1000,1495.760643
442.864333,1000,1496.939812
368.904937,1000,1498.112301
360.567936,1000,1499.258041
433.377831,1000,1500.419748
209.280809,1000,1501.53264
417.694944,1000,1502.683024
438.527576,1000,1503.875325
382.782339,1000,1505.035738
396.596472,1000,1506.222854
387.160982,1000,1507.342943
181.379587,1000,1508.490005
407.21223,1000,1509.662845
118.019739,1000,1510.800842
307.964769,1000,1511.948624
377.569095,1000,1513.135277
404.614565,1000,1514.343347
417.683676,1000,1515.545767
406.00151,1000,1516.709397
422.835861,1000,1517.90051
306.154561,1000,1519.085903
416.248104,1000,1520.211093
388.588763,1000,1521.365265
371.30376,1000,1522.523183
387.632365,1000,1523.702001
149.554786,1000,1524.8573
398.297177,1000,1526.080534
254.694524,1000,1527.245209
377.262424,1000,1528.458837
337.916669,1000,1529.633308
389.104762,1000,1530.841982
389.156184,1000,1532.043042
380.28608,1000,1533.287405
395.380699,1000,1534.454693
375.073694,1000,1535.685543
391.246288,1000,1536.91853
391.837214,1000,1538.112264
368.948053,1000,1539.372712
384.267418,1000,1540.632968
387.476665,1000,1541.853953
397.665925,1000,1543.092774
295.934116,1000,1544.285724
412.89039,1000,1545.514402
232.66301,1000,1546.690158
221.674867,1000,1547.865629
408.431599,1000,1549.055488
355.708906,1000,1550.23964
398.324317,1000,1551.404418
392.930921,1000,1552.620691
425.038167,1000,1553.801543
382.174693,1000,1555.018091
412.977679,1000,1556.218449
415.781541,1000,1557.387007
290.32283,1000,1558.544306
380.199078,1000,1559.753718
424.37357,1000,1560.903038
263.278554,1000,1562.102973
374.48379,1000,1563.22829
286.894891,1000,1564.408925
261.218697,1000,1565.5697
70.718805,1000,1566.686095
169.794177,1000,1567.77847
234.266556,1000,1568.926399
408.237286,1000,1570.095268
104.07427,1000,1571.208955
427.907763,1000,1572.375237
189.754624,1000,1573.510759
416.684987,1000,1574.712947
311.532816,1000,1575.870842
383.497197,1000,1577.076984
338.435095,1000,1578.32041
396.452053,1000,1579.544745
417.606093,1000,1580.768144
388.307478,1000,1581.932663
379.618205,1000,1583.135514
346.190174,1000,1584.341278
289.208884,1000,1585.51381
341.743251,1000,1586.704526
90.230928,1000,1587.841621
279.745202,1000,1589.021587
303.341045,1000,1590.186909
286.042263,1000,1591.381837
357.301352,1000,1592.608306
290.268331,1000,1593.824005
358.904061,1000,1595.040928
364.770173,1000,1596.208955
300.46665,1000,1597.418709
331.097901,1000,1598.612813
77.133634,1000,1599.722981
410.196658,1000,1600.936997
382.695871,1000,1602.129591
393.321751,1000,1603.371034
374.671129,1000,1604.614806
369.135964,1000,1605.863919
395.849292,1000,1607.131714
349.640284,1000,1608.353003
373.742572,1000,1609.587752
391.846896,1000,1610.837001
342.066433,1000,1612.111419
350.128016,1000,1613.350029
351.674969,1000,1614.576829
340.959206,1000,1615.815788
349.190667,1000,1617.072589
350.212009,1000,1618.353652
330.303456,1000,1619.554407
355.859334,1000,1620.775649
353.811596,1000,1622.018677
375.342733,1000,1623.252026
345.484968,1000,1624.46254
329.407475,1000,1625.64558
315.062277,1000,1626.832891
341.658348,1000,1628.062128
329.885267,1000,1629.228152
273.986898,1000,1630.369254
311.996078,1000,1631.574478
319.831768,1000,1632.820309
310.739511,1000,1634.030501
308.019363,1000,1635.280586
343.896423,1000,1636.534471
333.234038,1000,1637.742597
327.873261,1000,1638.954623
307.696395,1000,1640.183095
291.973541,1000,1641.348027
230.084655,1000,1642.546908
297.373822,1000,1643.776806
273.152796,1000,1644.956466
283.4703,1000,1646.12173
184.300154,1000,1647.323089
219.462354,1000,1648.533034
142.047267,1000,1649.739152
283.276924,1000,1650.939675
72.95471,1000,1652.197229
220.443787,1000,1653.352139
260.155646,1000,1654.538753
100.15255,1000,1655.721076
203.353069,1000,1656.877493
460.221489,1000,1658.052966
167.32876,1000,1659.231473
214.947208,1000,1660.43311
263.279131,1000,1661.620743
121.481256,1000,1662.874215
218.515054,1000,1664.044306
181.378415,1000,1665.219721
135.13471,1000,1666.413636
57.144354,1000,1667.577139
113.558955,1000,1668.779307
71.358787,1000,1670.00048
125.649966,1000,1671.19486
243.394906,1000,1672.374378
147.930378,1000,1673.581086
197.116847,1000,1674.703623
190.29828,1000,1675.927121
159.892085,1000,1677.107914
190.64784,1000,1678.275898
224.49735,1000,1679.4587
233.472621,1000,1680.641962
225.48587,1000,1681.791983
296.998692,1000,1683.01449
231.462618,1000,1684.142869
270.520652,1000,1685.339876
147.395857,1000,1686.460593
183.043191,1000,1687.589954
316.930586,1000,1688.772286
279.948396,1000,1689.932438
312.253142,1000,1691.097223
259.60086,1000,1692.2864
170.92363,1000,1693.390955
259.69361,1000,1694.546865
335.424172,1000,1695.753708
288.872397,1000,1696.932165
325.414724,1000,1698.064474
144.528526,1000,1699.213123
160.591685,1000,1700.314963
67.45326,1000,1701.419564
288.292831,1000,1702.612341
421.069874,1000,1703.853368
277.974771,1000,1705.022325
193.833619,1000,1706.201842
257.233965,1000,1707.350748
398.809252,1000,1708.546934
407.050224,1000,1709.758749
397.77733,1000,1710.958089
141.225662,1000,1712.099163
100.358698,1000,1713.205634
399.628098,1000,1714.418904
399.863091,1000,1715.623171
383.090605,1000,1716.824382
409.354991,1000,1718.034507
398.957284,1000,1719.231582
421.43767,1000,1720.391631
127.461369,1000,1721.546827
423.905266,1000,1722.734461
404.770112,1000,1723.926948
88.081513,1000,1725.023085
402.477141,1000,1726.215422
426.474626,1000,1727.396562
374.492778,1000,1728.562377
331.175894,1000,1729.746669
418.931202,1000,1730.934347
201.26715,1000,1732.061408
230.732685,1000,1733.200471
240.099948,1000,1734.34997
224.620751,1000,1735.471634
255.987995,1000,1736.552328
117.25986,1000,1737.679491
407.909652,1000,1738.814956
422.103855,1000,1739.972587
297.049848,1000,1741.083474
132.14583,1000,1742.19972
399.53228,1000,1743.326588
416.108192,1000,1744.47161
377.081393,1000,1745.60723
279.327917,1000,1746.754584
164.143224,1000,1747.850004
394.134033,1000,1749.007176
296.403375,1000,1750.126946
363.641941,1000,1751.268593
426.947636,1000,1752.403471
391.052005,1000,1753.549704
430.404043,1000,1754.690734
433.607098,1000,1755.906019
419.982653,1000,1757.05974
426.316239,1000,1758.250538
432.332151,1000,1759.403313
93.549366,1000,1760.519949
370.820394,1000,1761.652592
193.257657,1000,1762.774318
435.225298,1000,1763.9214
429.89693,1000,1765.070712
447.017663,1000,1766.269894
429.259995,1000,1767.43685
487.830364,1000,1768.615869
399.184797,1000,1769.76252
282.617317,1000,1770.878959
554.82558,1000,1772.043262
138.063684,1000,1773.154635
512.41702,1000,1774.318131
373.529944,1000,1775.475985
482.230681,1000,1776.642841
501.592671,1000,1777.82878
496.551409,1000,1778.995394
74.271042,1000,1780.10574
173.298207,1000,1781.233159
276.991588,1000,1782.353943
435.025966,1000,1783.47576
160.124736,1000,1784.599954
397.391694,1000,1785.736362
398.000233,1000,1786.866713
375.941979,1000,1788.012542
387.509776,1000,1789.143789
429.025655,1000,1790.265565
404.235474,1000,1791.390432
414.712412,1000,1792.499377
385.569315,1000,1793.625708
400.7855,1000,1794.758823
376.553307,1000,1795.87595
402.46685,1000,1796.983022
378.574662,1000,1798.090519
410.985093,1000,1799.18886
369.996975,1000,1800.293582
389.269544,1000,1801.395621
366.233946,1000,1802.52871
389.227936,1000,1803.663165
402.912154,1000,1804.790164
394.029513,1000,1805.889489
383.107713,1000,1807.003983
371.696267,1000,1808.13434
397.981454,1000,1809.229906
383.998774,1000,1810.343548
203.541359,1000,1811.483017
401.742757,1000,1812.574835
385.829188,1000,1813.709874
376.513514,1000,1814.846546
368.879246,1000,1815.956828
335.771371,1000,1817.071652
350.19469,1000,1818.163716
364.429464,1000,1819.27091
390.066015,1000,1820.424084
405.871182,1000,1821.529499
197.490981,1000,1822.639478
336.464776,1000,1823.746232
352.598134,1000,1824.862089
412.20027,1000,1825.970736
441.196711,1000,1827.095577
427.574332,1000,1828.241509
307.940846,1000,1829.377817
388.410796,1000,1830.500686
420.495684,1000,1831.647279
427.384598,1000,1832.788399
316.168122,1000,1833.905659
238.076375,1000,1835.019571
268.160701,1000,1836.157205
301.317818,1000,1837.26763
357.732562,1000,1838.407245
330.098001,1000,1839.54368
157.774324,1000,1840.67746
388.431724,1000,1841.775754
277.52683,1000,1842.876675
427.160253,1000,1844.038624
440.062109,1000,1845.135983
408.037507,1000,1846.249964
430.563808,1000,1847.375974
303.635306,1000,1848.462516
462.711381,1000,1849.551104
278.379062,1000,1850.622843
196.831492,1000,1851.725734
396.908772,1000,1852.821784
423.709554,1000,1853.895739
458.480266,1000,1855.024971
399.757477,1000,1856.179419
456.661088,1000,1857.296001
103.978889,1000,1858.403771
182.305212,1000,1859.508107
113.577874,1000,1860.559103
229.065125,1000,1861.644468
56.511472,1000,1862.778511
233.300849,1000,1863.884041
420.556999,1000,1865.036389
138.275039,1000,1866.134317
45.768316,1000,1867.221159
100.560885,1000,1868.333621
134.951988,1000,1869.43898
123.917177,1000,1870.543966
67.352713,1000,1871.632098
512.8417,1000,1872.793946
276.447075,1000,1873.933549
284.572045,1000,1875.059839
431.798238,1000,1876.192905
316.267417,1000,1877.327656
501.407458,1000,1878.499944
197.202776,1000,1879.569293
435.998631,1000,1880.653013
470.489886,1000,1881.782416
424.061321,1000,1882.926838
441.176026,1000,1884.023673
450.154875,1000,1885.162297
93.767635,1000,1886.256267
117.374785,1000,1887.37896
450.485359,1000,1888.520792
147.828652,1000,1889.631615
473.133271,1000,1890.798547
450.915802,1000,1891.890037
266.448257,1000,1893.009562
456.515661,1000,1894.16974
429.065688,1000,1895.301918
482.759084,1000,1896.425553
324.67275,1000,1897.571956
596.061133,1000,1898.755309
458.32781,1000,1899.917555
468.034182,1000,1901.091865
461.001391,1000,1902.224626
453.582548,1000,1903.366553
476.696884,1000,1904.505538
117.011395,1000,1905.636965
339.640341,1000,1906.71712
479.576426,1000,1907.901801
474.002062,1000,1909.118392
168.751943,1000,1910.236321
245.398916,1000,1911.385105
123.598519,1000,1912.488468
873.41019,1000,1913.670513
156.477923,1000,1914.782223
195.983268,1000,1915.932422
115.189133,1000,1917.04458
331.922938,1000,1918.166779
337.721009,1000,1919.29516
325.749626,1000,1920.420162
215.178629,1000,1921.558056
78.85922,1000,1922.633725
323.533841,1000,1923.742633
437.51928,1000,1924.89841
153.713005,1000,1925.979509
147.942431,1000,1927.07589
391.791617,1000,1928.245683
126.133528,1000,1929.364362
88.06795,1000,1930.454144
380.071238,1000,1931.602122
422.854497,1000,1932.757365
338.563358,1000,1933.907137
456.683492,1000,1935.043487
513.61381,1000,1936.179721
376.102107,1000,1937.320135
325.194792,1000,1938.484986
73.709434,1000,1939.594269
282.260692,1000,1940.728567
381.851697,1000,1941.869945
253.812454,1000,1943.007591
421.432303,1000,1944.178217
333.7619,1000,1945.34964
155.24568,1000,1946.484255
517.757909,1000,1947.653631
437.604511,1000,1948.83881
373.919218,1000,1949.966112
485.715629,1000,1951.142355
623.936633,1000,1952.389306
667.914965,1000,1953.632493
276.961777,1000,1954.781952
698.944325,1000,1955.951698
499.866182,1000,1957.140573
662.215399,1000,1958.384467
486.788751,1000,1959.527944
22.508558,1000,1960.651455
246.028559,1000,1961.799785
384.388569,1000,1963.003226
155.582811,1000,1964.138228
512.656288,1000,1965.306775
750.800546,1000,1966.548539
129.722086,1000,1967.687936
316.555708,1000,1968.82212
123.020301,1000,1969.907451
474.687664,1000,1971.084923
47.041012,1000,1972.180452
262.659072,1000,1973.343152
190.837893,1000,1974.499884
78.737527,1000,1975.622088
35.383417,1000,1976.727553
751.823105,1000,1977.96643
381.796291,1000,1979.18177
67.933081,1000,1980.289852
110.267916,1000,1981.362514
412.441432,1000,1982.570738
121.080654,1000,1983.720914
181.779786,1000,1984.861563
459.794995,1000,1986.059935
464.92197,1000,1987.217655
426.455462,1000,1988.437388
280.950482,1000,1989.590806
342.693764,1000,1990.796196
238.299172,1000,1991.897937
169.173347,1000,1993.013644
326.712472,1000,1994.219163
149.389201,1000,1995.365648
187.018291,1000,1996.479908
248.193607,1000,1997.648796
224.269446,1000,1998.842965
223.617923,1000,1999.990717
15.93265,1000,2001.099978
92.136485,1000,2002.237355
245.005672,1000,2003.430574
127.509309,1000,2004.608151
371.519108,1000,2005.754421
263.25155,1000,2006.936312
127.068553,1000,2008.077954
18.863624,1000,2009.233961
286.946545,1000,2010.430664
78.771188,1000,2011.577279
89.621487,1000,2012.701272
347.794583,1000,2013.868929
384.43975,1000,2015.036505
189.961813,1000,2016.240956
248.027004,1000,2017.396163
128.5261,1000,2018.524112
184.238263,1000,2019.722228
114.322973,1000,2020.831205
376.737132,1000,2021.996811
341.889598,1000,2023.192533
374.398015,1000,2024.356812
312.398742,1000,2025.522568
167.847277,1000,2026.708072
396.592019,1000,2027.897162
132.593338,1000,2029.008091
177.901632,1000,2030.230321
133.63096,1000,2031.401677
50.30425,1000,2032.548468
162.919968,1000,2033.700796
220.740503,1000,2034.882734
360.730875,1000,2036.111005
66.141297,1000,2037.21073
482.28983,1000,2038.386702
208.436067,1000,2039.562452
331.521654,1000,2040.701615
382.071122,1000,2041.860116
85.136609,1000,2042.985827
265.560079,1000,2044.161979
284.050257,1000,2045.318041
364.827429,1000,2046.482219
272.082795,1000,2047.65788
225.189351,1000,2048.816488
255.123565,1000,2050.020364
255.183717,1000,2051.210247
319.509382,1000,2052.392589
122.179774,1000,2053.524457
200.446851,1000,2054.695317
226.379394,1000,2055.860653
280.741908,1000,2057.067247
308.091728,1000,2058.262594
353.292733,1000,2059.45699
318.807387,1000,2060.595312
223.353061,1000,2061.717919
301.431937,1000,2062.914743
256.93957,1000,2064.090496
204.39346,1000,2065.266056
348.282096,1000,2066.459305
246.283874,1000,2067.623717
336.185659,1000,2068.762659
450.881309,1000,2069.913462
250.573994,1000,2071.125298
401.76605,1000,2072.316111
189.760215,1000,2073.445707
281.56842,1000,2074.582484
107.940569,1000,2075.745962
167.986809,1000,2076.926872
354.750939,1000,2078.112728
209.90707,1000,2079.290759
299.503253,1000,2080.478608
316.006307,1000,2081.677542
297.074965,1000,2082.858118
233.029168,1000,2084.006588
235.055194,1000,2085.127743
417.843198,1000,2086.270494
150.943809,1000,2087.429779
328.206614,1000,2088.635714
243.66557,1000,2089.783375
237.053434,1000,2090.913329
155.143529,1000,2092.025481
211.33607,1000,2093.158389
93.818525,1000,2094.30813
257.404608,1000,2095.483923
366.524688,1000,2096.679298
239.471244,1000,2097.849065
275.480176,1000,2098.999071
115.51136,1000,2100.128214
240.720279,1000,2101.284507
317.734047,1000,2102.485783
395.483177,1000,2103.657953
302.329072,1000,2104.795226
288.016722,1000,2105.922172
224.243479,1000,2107.05895
102.165473,1000,2108.164887
332.822509,1000,2109.364557
260.474357,1000,2110.520663
116.817117,1000,2111.610954
142.798894,1000,2112.792808
246.725377,1000,2113.983045
296.766665,1000,2115.120002
183.978829,1000,2116.258459
407.974751,1000,2117.425273
171.690547,1000,2118.54929
166.668068,1000,2119.689235
300.28746,1000,2120.86174
235.99124,1000,2122.017861
29.127038,1000,2123.113962
191.36968,1000,2124.295211
158.518141,1000,2125.438963
265.109905,1000,2126.606179
207.60405,1000,2127.766928
202.729145,1000,2128.930207
68.183098,1000,2130.031178
354.541025,1000,2131.178288
310.110631,1000,2132.355489
293.864024,1000,2133.506975
303.960834,1000,2134.64497
160.466426,1000,2135.759905
306.321138,1000,2136.90041
424.507437,1000,2138.045777
274.615658,1000,2139.18487
413.091992,1000,2140.324831
354.515746,1000,2141.466908
133.494855,1000,2142.560424
51.136009,1000,2143.675865
239.237841,1000,2144.825562
271.779355,1000,2145.988447
250.895653,1000,2147.14325
294.270526,1000,2148.277727
121.750911,1000,2149.404469
373.308503,1000,2150.539955
275.55115,1000,2151.659176
266.325647,1000,2152.805835
254.91557,1000,2153.963137
319.267785,1000,2155.12982
251.29913,1000,2156.302629
350.768364,1000,2157.432911
425.929712,1000,2158.636444
364.911443,1000,2159.796903
373.408388,1000,2160.951337
221.582396,1000,2162.089788
153.104192,1000,2163.202131
126.982681,1000,2164.356493
139.668424,1000,2165.498587
393.942132,1000,2166.658377
293.324201,1000,2167.825002
94.791799,1000,2168.930744
419.906777,1000,2170.042352
295.792822,1000,2171.15752
163.121498,1000,2172.25571
178.707126,1000,2173.384817
354.263946,1000,2174.518064
231.640718,1000,2175.661963
93.284045,1000,2176.786407
313.546909,1000,2177.905082
303.301553,1000,2179.011305
436.671254,1000,2180.16418
256.154632,1000,2181.317305
320.573789,1000,2182.426897
439.124327,1000,2183.564342
353.494948,1000,2184.693436
239.015741,1000,2185.826098
152.939271,1000,2186.905572
344.096633,1000,2188.041371
423.58203,1000,2189.188446
205.861973,1000,2190.319108
264.874639,1000,2191.484218
303.229663,1000,2192.635276
312.808556,1000,2193.724979
416.155723,1000,2194.894138
384.022728,1000,2196.030068
368.309581,1000,2197.164928
331.952036,1000,2198.301083
255.371759,1000,2199.462062
390.85618,1000,2200.611295
461.706035,1000,2201.734041
460.06969,1000,2202.903727
246.230054,1000,2204.049722
405.350054,1000,2205.202769
427.409406,1000,2206.373124
386.499434,1000,2207.508521
467.515822,1000,2208.668308
509.149168,1000,2209.847302
374.237171,1000,2210.996182
54.88219,1000,2212.048082
93.861125,1000,2213.157843
228.935171,1000,2214.309276
68.835135,1000,2215.43962
317.86388,1000,2216.570432
238.899951,1000,2217.704858
446.065551,1000,2218.868778
243.536968,1000,2220.007961
283.489298,1000,2221.142742
270.324576,1000,2222.234838
404.512948,1000,2223.326846
436.057131,1000,2224.483332
279.019375,1000,2225.613928
227.105112,1000,2226.721602
468.195563,1000,2227.895599
443.133981,1000,2229.053601
424.650306,1000,2230.20525
422.35903,1000,2231.372118
312.501692,1000,2232.531275
420.93802,1000,2233.694198
390.378231,1000,2234.871355
449.683565,1000,2235.999428
450.812022,1000,2237.089456
215.231363,1000,2238.222918
380.857484,1000,2239.369046
397.629645,1000,2240.484792
437.430975,1000,2241.658662
406.177823,1000,2242.818313
422.364199,1000,2243.959359
403.144991,1000,2245.119276
362.729185,1000,2246.235016
379.243804,1000,2247.406142
368.67134,1000,2248.519266
372.647864,1000,2249.646816
390.205722,1000,2250.764581
238.297161,1000,2251.886059
417.90051,1000,2253.04262
331.92786,1000,2254.181922
374.686415,1000,2255.316438
274.415846,1000,2256.467308
325.098262,1000,2257.575182
284.917624,1000,2258.712138
352.351937,1000,2259.81878
319.706514,1000,2260.954384
358.569543,1000,2262.089599
362.980613,1000,2263.222337
321.261916,1000,2264.353163
245.505332,1000,2265.455589
377.859994,1000,2266.593764
256.16177,1000,2267.720847
339.468077,1000,2268.851084
261.75287,1000,2269.979224
213.946544,1000,2271.104899
197.299241,1000,2272.219856
263.958474,1000,2273.374644
311.722857,1000,2274.514273
262.100381,1000,2275.660936
384.178148,1000,2276.79449
254.117158,1000,2277.918964
